MAE,RMSE,R2 Score,MAPE (%)
52548.10857791242,76868.44935648791,0.8581127793554577,12.107398472729349
